Elements,Base value,GOE,J1,J2,J3,J4,J5,J6,J7,J8,J9,Score
4S,10.5,3,3,2,3,3,3,3,3,3,3,13.5
4T,10.3,3,3,2,3,3,3,3,3,3,3,13.3
3F,5.3,1.6,3,2,3,3,2,2,2,2,2,6.9
FCCoSp4,3.5,1,2,2,2,2,2,2,2,2,1,4.5
StSq3,3.3,1.43,3,2,3,3,3,2,3,3,3,4.73
4S+3T,16.28,2.71,3,1,3,3,2,2,3,3,3,18.99
4T+REP,7.93,-2.06,-1,-2,-2,-2,-2,-1,-2,-2,-1,5.87
3A+1Lo+3S,14.74,2.14,3,1,2,3,2,2,3,2,1,16.88
3Lo,5.61,1.2,3,1,2,2,1,2,2,2,1,6.81
3Lz,6.6,-1.1,-1,-2,-2,-1,-2,-2,-1,-2,-1,5.5
FCSSp4,3,0.93,2,2,2,2,1,1,2,3,2,3.93
ChSq1,2,2,3,2,3,3,3,2,3,3,3,4
CCoSp4,3.5,1.14,3,2,2,3,2,2,3,2,2,4.64
Total,92.56,16.99,,,,,,,,,,109.55
Program components,,Factor,J1,J2,J3,J4,J5,J6,J7,J8,J9,Score
Skating Skills,,2,9.75,9.5,9.75,9.75,9.5,9.75,9.75,9.75,9.75,9.71
Transitions,,2,9.5,9.25,9.75,9.75,9.25,9.5,9.5,9.5,9.5,9.5
Performance/Execution,,2,9.75,9.5,9.75,9.75,9,9.5,9.75,9.75,9.5,9.64
Composition,,2,9.75,9.5,9.75,10,9.5,9.75,9.5,10,9.75,9.71
Interpretation,,2,10,9.5,9.75,9.75,9.75,9.75,9.75,9.75,9.75,9.75
Total,,,,,,,,,,,,96.62
Deduction,,,,,,,,,,,,0
Program total,,109.55 + 96.62 - 0.00 = 206.17,,,,,,,,,,
Elements,Base value,GOE,J1,J2,J3,J4,J5,J6,J7,J8,J9,Score
4Lz,13.6,1.14,1,1,1,1,3,1,0,2,1,14.74
3Lo,5.1,0.6,1,1,1,0,1,0,1,1,1,5.7
3F,5.3,1.6,2,3,2,2,3,2,3,2,2,6.9
FCCoSp4,3.5,1,2,2,1,3,2,2,2,2,2,4.5
StSq3,3.3,1.29,3,2,2,3,3,2,3,3,2,4.59
4S,11.55,-0.69,-1,0,0,-1,0,-1,0,-1,-1,10.86
2T,1.43,0.03,0,1,0,0,0,0,0,1,0,1.46
4T+3T,16.06,1.71,2,1,3,1,2,1,2,2,2,17.77
3A+2T,10.78,1.86,2,2,2,1,2,1,2,3,2,12.64
3A,9.35,0.86,1,1,1,1,2,0,1,0,1,10.21
FCSSp4,3,0.57,1,1,1,2,2,1,1,1,1,3.57
ChSq1,2,2.1,3,3,3,3,3,3,2,3,3,4.1
CCoSp4,3.5,1,2,2,2,2,2,1,2,2,2,4.5
Total,88.47,13.07,,,,,,,,,,101.54
Program components,,Factor,J1,J2,J3,J4,J5,J6,J7,J8,J9,Score
Skating Skills,,2,9.75,9.5,9.75,9.25,9.5,9.5,9.5,9.5,9.5,9.54
Transitions,,2,9,9.25,9.25,9,9.25,9.25,9,9.5,9.25,9.18
Performance/Execution,,2,9,9.5,9.5,9.25,9.5,9.5,9.5,9.75,9.25,9.43
Composition,,2,9.5,9.5,9.5,9.25,9.75,9.5,9.5,9.5,9.5,9.5
Interpretation,,2,9,9.5,9.75,9.5,9.75,9.5,9.5,9.75,9.25,9.54
Total,,,,,,,,,,,,94.38
Deduction,,,,,,,,,,,,0
Program total,,101.54 + 94.38 - 0.00 = 195.92,,,,,,,,,,
Elements,Base value,GOE,J1,J2,J3,J4,J5,J6,J7,Score,,
1Lz,0.6,-0.04,0,0,-1,0,-1,-1,0,0.56,,
3Lo,5.1,1.54,2,3,3,2,2,1,2,6.64,,
3F,5.3,0.28,0,2,0,1,0,-1,1,5.58,,
FCCoSp4,3.5,0.7,2,2,1,1,1,0,2,4.2,,
StSq3,3.3,1.3,3,3,2,2,2,3,3,4.6,,
4S+3T,16.28,2.8,3,3,3,3,2,3,2,19.08,,
2T+1Lo+2S,3.41,0,0,1,0,0,0,0,0,3.41,,
2T,1.43,0.04,0,1,-1,1,0,0,0,1.47,,
3A,9.35,-3,-3,-3,-3,-3,-3,-3,-3,6.35,,
4T<<,4.73,-1.82,-3,-2,-2,-2,-3,-3,-3,2.91,,
FCSSp4,3,0.8,3,2,1,2,2,1,1,3.8,,
ChSq1,2,1.82,3,3,3,2,2,3,2,3.82,,
CCoSp4,3.5,1.1,2,3,2,2,2,3,1,4.6,,
Total,61.5,5.52,,,,,,,,67.02,,
Program components,,Factor,J1,J2,J3,J4,J5,J6,J7,Score,,
Skating Skills,,2,9,9.5,9.25,9.5,8.5,8.75,9.25,9.15,,
Transitions,,2,9.25,9,8.5,9.25,9,8.5,9,8.95,,
Performance/Execution,,2,9.5,8.5,8.75,9,8.5,8,8,8.55,,
Composition,,2,9.25,9.5,9,9.25,9.25,8.75,8.75,9.1,,
Interpretation,,2,9.5,9.25,9.25,9.25,8.75,8,8.5,9,,
Total,,,,,,,,,,89.5,,
Deduction,,,,,,,,,,1,,
Program total,,67.02 + 89.50 - 1.00 = 155.52,,,,,,,,,,
Elements,Base value,GOE,J1,J2,J3,J4,J5,J6,J7,J8,J9,Score
4Lo,12,2.57,2,3,2,3,3,2,3,3,2,14.57
1S,0.4,-0.09,0,0,-1,-2,0,-2,0,-1,-2,0.31
FCCoSp4,3.5,1,2,2,2,2,2,2,2,2,2,4.5
StSq4,3.9,1.9,2,3,3,2,3,3,2,3,3,5.8
3F,5.3,1.8,2,3,2,3,3,3,3,2,2,7.1
4S+3T,16.28,2.43,2,3,2,2,3,2,3,3,2,18.71
4T,11.33,2.71,3,3,2,2,3,3,3,3,2,14.04
3A+2T,10.78,1.57,1,2,1,1,2,2,2,2,1,12.35
4T+1Lo+3S,16.72,-0.23,0,-1,0,-1,2,-1,1,1,-1,16.49
FCSSp4,3,0.86,2,2,1,1,2,2,2,2,1,3.86
ChSq1,2,1.4,2,2,2,2,2,3,2,2,2,3.4
1A,1.21,0.09,1,1,0,-1,0,1,0,1,0,1.3
CCoSp4,3.5,1,2,2,2,2,2,2,2,2,1,4.5
Total,89.92,17.01,,,,,,,,,,106.93
Program components,,Factor,J1,J2,J3,J4,J5,J6,J7,J8,J9,Score
Skating Skills,,2,9.25,9.5,9.5,9.5,9.5,9.5,9.75,9.5,9.5,9.5
Transitions,,2,9,9.25,9.25,9.25,9.25,9,9.75,9,9.25,9.18
Performance/Execution,,2,9.25,9.5,9,9,9,9,9.5,9,9.25,9.14
Choreography,,2,9,9.75,9.5,9.25,9.5,9.5,9.75,9.25,9.5,9.46
Interpretation,,2,9.5,9.75,9.5,9.25,9.5,9.25,10,9.5,9.5,9.5
Total,,,,,,,,,,,,93.56
Deduction,,,,,,,,,,,,0
Program total,,106.93 + 93.56 - 0.00 = 200.49,,,,,,,,,,
Elements,Base value,GOE,Judges scores (random order),,,,,,,,,Score
4Lo,12,2.43,2,2,3,3,2,3,2,2,3,14.43
4S,10.5,2.71,3,2,3,3,2,3,2,3,3,13.21
FCCoSp4,3.5,0.86,1,2,2,2,1,2,2,2,1,4.36
StSq4,3.9,1.5,1,2,3,2,2,2,3,2,2,5.4
3F,5.3,1.5,2,1,2,2,3,3,2,2,2,6.8
4S+3T,16.28,2.43,2,2,3,3,1,3,2,3,2,18.71
4T,11.33,2.43,2,2,2,3,1,3,2,3,3,13.76
3A+2T,10.78,2,2,2,2,2,2,2,2,2,2,12.78
3A+1Lo+3S,14.74,2.14,3,2,3,3,1,2,2,1,2,16.88
FCSSp4,3,0.79,1,2,2,2,0,2,2,1,1,3.79
ChSq1,2,1.4,1,2,2,2,3,2,3,2,1,3.4
3Lz,6.6,1.5,1,2,2,2,3,3,2,2,2,8.1
CCoSp4,3.5,1,2,2,3,2,2,2,2,2,1,4.5
Total,103.43,22.69,,,,,,,,,,126.12
Program components,,Factor,Judges scores (random order),,,,,,,,,Score
Skating Skills,,2,9.25,9.75,9.75,10,9.5,9.75,9.75,9.75,9.5,9.68
Transitions,,2,9,9.5,9.5,9.5,9.25,9.75,9.5,9.5,9.5,9.46
Performance/Execution,,2,10,10,9.75,10,9.25,10,9.75,10,9.5,9.86
Choreography,,2,10,10,9.75,9.75,9.5,9.75,9.75,9.75,9.5,9.75
Interpretation,,2,9,9.75,10,10,9.25,10,10,9.75,9.75,9.79
Total,,,,,,,,,,,,97.08
Deduction,,,,,,,,,,,,0
Program total,,126.12 + 97.08 - 0.00 = 223.20,,,,,,,,,,
Elements,Base value,GOE,Judges scores (random order),,,,,,,,,Score
4Lo,12,2.14,2,2,1,1,2,3,2,3,3,14.14
4S,10.5,1.43,1,2,1,0,3,1,2,1,2,11.93
FCCoSp4,3.5,0.93,1,2,2,1,2,2,2,2,2,4.43
StSq4,3.9,1.7,2,2,3,2,2,2,3,3,3,5.6
3F,5.3,1.6,2,1,3,2,3,2,2,2,3,6.9
2S+1Lo,1.98,-0.06,0,-1,-1,0,0,1,0,-1,0,1.92
4T,11.33,1.86,1,2,1,1,3,2,2,3,2,13.19
3A+3T,14.08,2.43,2,1,2,1,3,3,3,3,3,16.51
4T+2T,12.76,1.14,0,1,1,1,1,1,2,1,2,13.9
FCSSp4,3,1,1,2,2,2,2,3,2,2,2,4
ChSq1,2,1.6,2,2,2,2,2,2,3,3,3,3.6
3A,9.35,2.43,1,2,3,0,3,2,3,3,3,11.78
CCoSp4,3.5,0.93,1,2,2,1,2,2,2,2,2,4.43
Total,93.2,19.13,,,,,,,,,,112.33
Program components,,Factor,Judges scores (random order),,,,,,,,,Score
Skating Skills,,2,9.25,9.25,9.5,9.5,9.5,9.5,9.75,9.5,9.5,9.46
Transitions,,2,9.25,9,9,9.25,9.25,9.5,9.25,9.25,9.5,9.25
Performance/Execution,,2,9.25,9.25,9.5,9.5,9.25,9.75,9.75,9.75,9.75,9.54
Choreography,,2,9,9,9.25,9.75,9.5,9.5,9.75,9.75,9.5,9.46
Interpretation,,2,9.25,9.25,9.5,9.25,9.25,9.5,9.75,9.75,9.75,9.46
Total,,,,,,,,,,,,94.34
Deduction,,,,,,,,,,,,0
Program total,,112.33 + 94.34 - 0.00 = 206.67,,,,,,,,,,
Elements,Base value,GOE,J1,J2,J3,J4,J5,J6,J7,J8,J9,Score
4Lo,12,1.14,1,2,1,1,2,1,1,1,1,13.14
4S,10.5,2.57,3,3,2,2,3,2,3,2,3,13.07
FCCoSp4,3.5,1.07,2,2,2,2,2,1,3,2,3,4.57
StSq4,3.9,1.7,2,3,2,3,3,2,2,3,2,5.6
3F,5.3,1.6,3,2,1,2,2,2,3,3,2,6.9
4S+REP,8.09,-4,-3,-3,-3,-3,-3,-3,-3,-3,-3,4.09
4T,11.33,0.26,-1,1,-1,0,1,1,0,0,1,11.59
3A+3T,14.08,1.86,2,2,2,1,2,2,2,1,2,15.94
3A+1Lo<<+2S,10.78,-1.43,-1,-1,-2,-2,-2,0,-1,-2,-1,9.35
FCSSp3,2.6,0.79,2,1,1,2,2,2,2,1,1,3.39
ChSq1,2,1.7,3,2,2,2,2,3,3,3,1,3.7
1Lz,0.66,-0.06,-1,0,-1,0,0,-1,-1,0,-1,0.6
CCoSp4,3.5,0.57,1,2,1,0,1,1,2,1,1,4.07
Total,88.24,7.77,,,,,,,,,,96.01
Program components,,Factor,J1,J2,J3,J4,J5,J6,J7,J8,J9,Score
Skating Skills,,2,9.25,9.25,9,9.25,9.5,9.5,9.5,9.5,9.25,9.36
Transitions,,2,9,9,9.25,9,9.5,9.25,9,8.75,9.25,9.11
Performance/Execution,,2,9,9.25,9.25,8.75,9.25,9.5,9,8.75,9,9.07
Choreography,,2,8.75,9.25,9.5,9,9.5,9.75,9.25,9.25,9.5,9.32
Interpretation,,2,8.75,9.25,9.5,9.25,9.5,9.75,9.5,9,9.25,9.32
Total,,,,,,,,,,,,92.36
Deduction,,,,,,,,,,,,1
Program total,,96.01 + 92.36 - 1.00 = 187.37,,,,,,,,,,
Elements,Base value,GOE,J1,J2,J3,J4,J5,J6,J7,J8,J9,Score
4Lo,12,1.57,3,2,1,0,1,2,2,1,2,13.57
4S,10.5,2.29,3,3,2,2,2,2,2,2,3,12.79
FCCoSp4,3.5,1,3,2,2,2,2,2,1,2,2,4.5
StSq3,3.3,1,2,2,2,2,2,2,1,2,2,4.3
3F,5.3,1.4,2,2,2,1,2,1,2,3,3,6.7
4S+REP,8.09,-4,-3,-3,-3,-3,-3,-3,-3,-3,-3,4.09
4T,11.33,1.57,3,1,2,1,1,2,-1,2,2,12.9
3A+3T,14.08,2,2,2,2,2,1,2,2,2,2,16.08
3A+1Lo+2S,11.33,1,1,1,1,0,2,1,1,1,1,12.33
FCSSp3,2.6,0.64,2,1,2,1,2,1,0,1,1,3.24
ChSq1,2,1.3,2,2,2,1,2,2,1,2,3,3.3
3Lz,6.6,1.3,2,2,2,1,2,2,2,1,2,7.9
CCoSp4,3.5,0.86,2,2,2,0,2,2,1,1,2,4.36
Total,94.13,11.93,,,,,,,,,,106.06
Program components,,Factor,J1,J2,J3,J4,J5,J6,J7,J8,J9,Score
Skating Skills,,2,9.5,9.5,9,9.5,9.5,8.25,9.25,9.75,9.25,9.36
Transitions,,2,9.25,9,9.5,9,9,8.5,8.5,9.25,9.5,9.07
Performance/Execution,,2,9.25,9.5,9,8.75,9.75,8.75,9.25,9.5,9,9.18
Choreography,,2,9.5,9.5,9.25,9.25,9.5,8.5,8.75,9.25,9.5,9.29
Interpretation,,2,9.5,9.5,9,9,9.5,8.75,9.5,9.5,9.5,9.36
Total,,,,,,,,,,,,92.52
Deduction,,,,,,,,,,,,1
Program total,,106.06 + 92.52 - 1.00 = 197.58,,,,,,,,,,
Elements,Base value,GOE,J1,J2,J3,J4,J5,J6,J7,J8,J9,Score
4Lo<<,5.1,-2.1,-3,-3,-3,-3,-3,-3,-3,-3,-3,3
4S,10.5,2,2,2,2,2,3,3,1,2,0,12.5
FCCoSp4,3.5,1,3,2,2,2,1,2,2,2,2,4.5
StSq3,3.3,0.93,2,2,2,2,2,2,2,1,1,4.23
3F,5.3,0.7,1,2,0,2,1,1,0,1,1,6
2S+3T,6.16,0.5,1,0,0,1,1,1,0,1,1,6.66
4T,11.33,0.43,1,1,0,2,0,1,0,0,0,11.76
3A+2T,10.78,1.86,2,2,2,1,2,2,1,2,2,12.64
3A+1Lo+3S,14.74,1.29,2,3,1,2,2,1,0,1,0,16.03
FCSSp4,3,0.71,1,2,1,2,1,2,1,1,2,3.71
ChSq1,2,1.5,3,3,2,2,2,2,1,2,2,3.5
3Lz,6.6,1.3,2,2,2,2,2,1,1,2,2,7.9
CCoSp4,3.5,0.36,1,1,0,1,0,2,1,0,1,3.86
Total,85.81,10.48,,,,,,,,,,96.29
Program components,,Factor,J1,J2,J3,J4,J5,J6,J7,J8,J9,Score
Skating Skills,,2,9,9,9,8.75,9,9.25,8.75,9,9,8.96
Transitions,,2,8.75,8.75,8.5,8.5,8.5,8.75,8.5,8.75,8.75,8.64
Performance/Execution,,2,9,8.75,8.5,8.5,8.75,9.25,8.25,7.75,8.75,8.64
Choreography,,2,9.25,9,9,8.75,8.75,9.25,8.75,7.75,9,8.93
Interpretation,,2,9.25,9.25,8.75,8.75,8.75,9,8.75,8.25,9,8.89
Total,,,,,,,,,,,,88.12
Deduction,,,,,,,,,,,,1
Program total,,96.29 + 88.12 - 1.00 = 183.41,,,,,,,,,,
Elements,Base value,GOE,J1,J2,J3,J4,J5,J6,J7,Score,,
4Lo,12,0.4,1,0,2,0,-1,0,1,12.4,,
4S,10.5,0.8,2,2,-1,0,0,1,1,11.3,,
FCCoSp4,3.5,1,1,2,3,2,2,2,2,4.5,,
StSq4,3.9,1.68,2,3,2,2,2,3,3,5.58,,
3F,5.3,-0.56,-1,0,0,-1,-1,-1,-1,4.74,,
3S+2T,6.27,0,1,0,0,-1,0,0,0,6.27,,
4T<,8.8,-4,-3,-3,-3,-3,-3,-3,-3,4.8,,
3A+2T,10.78,1.6,2,2,2,1,2,1,1,12.38,,
3A+1T+1Lo,10.34,0,1,-1,0,0,0,0,0,10.34,,
FCSSp4,3,0.7,1,2,1,2,1,2,1,3.7,,
ChSq1,2,1.26,2,1,1,2,2,2,2,3.26,,
3Lz,6.6,-2.1,-3,-3,-3,-3,-3,-3,-3,4.5,,
CCoSp4,3.5,0.4,1,1,1,0,1,2,0,3.9,,
Total,86.49,1.18,,,,,,,,87.67,,
Program components,,Factor,J1,J2,J3,J4,J5,J6,J7,Score,,
Skating Skills,,2,9.25,9.25,8.75,9.25,9,8.5,9.25,9.1,,
Transitions,,2,9,8.75,8,9.25,8.5,8,8.75,8.6,,
Performance/Execution,,2,8.75,7.25,7.5,8,8.25,8.5,9,8.2,,
Choreography,,2,8.75,9,8.75,8.5,9,8.25,9.25,8.8,,
Interpretation,,2,8.75,8.75,8.5,8.25,8.5,8.5,9.25,8.6,,
Total,,,,,,,,,,86.6,,
Deduction,,,,,,,,,,2,,
Program total,,87.67 + 86.60 - 2.00 = 172.27,,,,,,,,,,
Elements,Base value,GOE,Judges scores (random order),,,,,,,,,Score
4S,10.5,-0.86,0,-1,-1,-1,0,-1,-1,-1,1,9.64
4T,10.3,1.71,2,1,2,1,2,2,2,1,2,12.01
3F,5.3,1.6,3,1,2,2,2,2,3,3,2,6.9
FCCoSp3p4,3.5,1.07,2,2,3,1,2,2,3,2,2,4.57
StSq4,3.9,1.6,3,2,2,2,2,3,2,2,3,5.5
4S+REP,8.09,-4,-3,-3,-3,-3,-3,-3,-3,-3,-2,4.09
3A+3T,14.08,2.71,2,2,3,3,3,2,3,3,3,16.79
3A+1Lo+2S,11.33,-0.57,-1,-1,0,-2,1,-1,-1,-1,1,10.76
3Lo,5.61,0.9,1,0,2,1,2,0,2,1,2,6.51
3Lz,6.6,-0.6,-1,-1,-1,-1,0,-1,-1,-2,1,6
FCSSp3,2.6,0.29,-1,0,2,0,1,1,1,0,1,2.89
ChSq1,2,1.5,2,2,2,3,2,2,2,2,3,3.5
CCoSp3p4,3.5,0.93,2,1,2,1,2,2,2,2,2,4.43
Total,87.31,6.28,,,,,,,,,,93.59
Program components,,Factor,Judges scores (random order),,,,,,,,,Score
Skating Skills,,2,9.25,9,9.25,9,9.25,9.75,9.5,9.75,9,9.29
Transition/Linking Footwork,,2,9,8.75,9.5,9,9,9.75,9.5,9.5,8.75,9.18
Performance/Execution,,2,9,8.5,9,8.75,9,9.5,9,9.75,8.5,8.96
Choreography/Composition,,2,9.25,9,9.5,9,9.25,9.75,9.5,9.5,9,9.29
Interpretation,,2,9.25,8.75,9.5,9.25,9.25,9.75,9.5,9.5,8.75,9.29
Total,,,,,,,,,,,,92.02
Deduction,,,,,,,,,,,,1
Program total,,93.59 + 92.02 - 1.00 = 184.61,,,,,,,,,,
Elements,Base value,GOE,J1,J2,J3,J4,J5,J6,J7,J8,J9,Score
4S,10.5,3,3,2,3,3,3,3,3,3,3,13.5
4T,10.3,3,3,3,3,3,2,3,3,3,3,13.3
3F,5.3,2.1,3,3,3,3,3,3,3,3,3,7.4
FCCoSp3p4,3.5,1.14,2,2,3,2,2,3,3,2,2,4.64
StSq3,3.3,1.43,3,2,3,2,3,3,3,3,3,4.73
4T<+REP,6.16,-4,-3,-3,-3,-3,-3,-3,-3,-3,-3,2.16
3A<,6.49,-2.86,-3,-3,-2,-3,-2,-3,-3,-3,-3,3.63
3A+1Lo<+3S,14.63,0.14,0,0,0,0,-1,0,2,2,-1,14.77
3Lo,5.61,-0.4,-1,0,0,-1,-1,0,-2,1,-1,5.21
3Lz,6.6,1.5,3,2,2,2,2,2,3,2,1,8.1
FCSSp4,3,1,2,2,2,2,2,2,2,2,2,4
ChSq1,2,2,3,2,3,2,3,3,3,3,3,4
CCoSp3p4,3.5,1.21,3,1,3,2,2,3,3,2,2,4.71
Total,80.89,9.26,,,,,,,,,,90.15
Program components,,Factor,J1,J2,J3,J4,J5,J6,J7,J8,J9,Score
Skating Skills,,2,9.5,9.5,9.75,9.75,9.5,9.5,9.75,9.5,9.5,9.57
Transition/Linking Footwork/Movement,,2,9.25,9.5,9.5,9.5,9.5,9.5,9.5,9.25,9.25,9.43
Performance/Execution,,2,9.5,9.25,9.5,9.5,9.75,9.25,9.5,9.5,9.25,9.43
Choreography/Composition,,2,9.75,9.5,9.75,9.75,9.75,9.5,10,9.75,9.5,9.68
Interpretation,,2,9.75,9.75,9.5,9.75,9.75,9.75,9.75,9.5,9.5,9.68
Total,,,,,,,,,,,,95.58
Deduction,,,,,,,,,,,,2
Program total,,90.15 + 95.58 - 2.00 = 183.73,,,,,,,,,,
Elements,Base value,GOE,Judges scores (random order),,,,,,,,,Score
4S,10.5,3,2,3,3,3,3,3,3,3,3,13.5
4T,10.3,3,3,3,2,3,3,3,3,3,3,13.3
3F,5.3,1.9,2,2,2,3,3,3,3,3,3,7.2
FCCoSp3p4,3.5,1.14,2,2,2,2,2,3,3,3,1,4.64
StSq3,3.3,1.36,3,3,2,2,3,3,3,3,2,4.66
4T+3T,16.06,2,1,1,2,2,2,3,2,3,2,18.06
3A+2T,10.78,3,3,3,3,3,3,3,3,3,2,13.78
3A+1Lo+3S,14.74,2.43,2,2,2,3,2,3,3,3,2,17.17
3Lo,5.61,1.5,1,2,1,3,2,3,2,3,2,7.11
3Lz,6.6,1.8,2,2,3,3,2,3,3,3,2,8.4
FCSSp4,3,1.21,2,3,2,2,2,3,3,3,2,4.21
ChSq1,2,2.1,3,3,3,3,3,3,3,3,3,4.1
CCoSp3p4,3.5,1.29,2,3,3,2,2,3,3,3,2,4.79
Total,95.19,25.73,,,,,,,,,,120.92
Program components,,Factor,Judges scores (random order),,,,,,,,,Score
Skating Skills,,2,10,10,9,9.75,10,9.75,9.75,9.75,9.5,9.79
Transition/Linking Footwork,,2,9.5,9.5,9.25,9.75,9.75,10,9.75,9.75,9.5,9.64
Performance/Execution,,2,10,10,10,9.75,10,10,9.75,10,10,9.96
Choreography/Composition,,2,10,10,9.75,10,10,10,10,10,9.75,9.96
Interpretation,,2,10,10,10,9.75,9.75,10,10,10,9.5,9.93
Total,,,,,,,,,,,,98.56
Deduction,,,,,,,,,,,,0
Program total,,120.92 + 98.56 - 0.00 = 219.48,,,,,,,,,,
Elements,Base value,GOE,Judges scores (random order),,,,,,,,,Score
4S,10.5,2.86,2,3,2,3,3,3,3,3,3,13.36
4T,10.3,2.57,2,3,2,3,3,3,3,2,2,12.87
3F,5.3,1.1,1,2,2,2,1,1,2,2,1,6.4
FCCoSp3p4,3.5,0.93,1,2,2,2,1,2,2,2,2,4.43
StSq4,3.9,1.6,2,2,3,3,2,2,3,2,2,5.5
4T+3T,16.06,1.71,1,2,2,1,2,1,2,2,2,17.77
3A+2T,10.78,3,3,3,3,3,3,3,3,3,2,13.78
3A+1Lo+3S,14.74,2.43,2,3,2,3,2,3,3,2,2,17.17
3Lo,5.61,1,2,2,1,2,1,1,1,1,2,6.61
3Lz,6.6,1.5,2,3,2,2,2,3,2,2,2,8.1
FCSSp4,3,1.14,3,2,2,3,2,3,1,2,2,4.14
ChSq1,2,2.1,3,3,3,3,2,3,3,3,3,4.1
CCoSp3p4,3.5,1.14,3,2,2,3,1,3,3,1,2,4.64
Total,95.79,23.08,,,,,,,,,,118.87
Program components,,Factor,Judges scores (random order),,,,,,,,,Score
Skating Skills,,2,9.75,9.75,9.25,9.75,9.5,9.5,9.75,9.75,9.75,9.68
Transition/Linking Footwork,,2,9.5,9.5,9.25,9.75,9.25,9.75,9.5,9,9.5,9.46
Performance/Execution,,2,9.75,9.75,9.75,10,9.5,9.5,10,9.5,10,9.75
Choreography/Composition,,2,10,10,9.5,10,9.5,10,9.75,9.75,9.75,9.82
Interpretation,,2,10,10,9.75,10,9.5,10,10,9.5,10,9.89
Total,,,,,,,,,,,,97.2
Deduction,,,,,,,,,,,,0
Program total,,118.87 + 97.20 - 0.00 = 216.07,,,,,,,,,,
Elements,Base value,GOE,Judges scores (random order),,,,,,,,,Score
4S,10.5,1.71,2,2,0,1,3,2,2,1,2,12.21
4T,10.3,1.43,1,2,1,2,2,1,1,1,2,11.73
3F,5.3,1.4,2,2,1,2,2,2,2,2,2,6.7
FCCoSp3p4,3.5,0.79,1,2,0,2,2,2,1,1,2,4.29
StSq3,3.3,1,2,2,2,2,2,2,2,2,2,4.3
4T+2T,12.76,-0.69,0,-1,-1,-1,1,0,-1,-1,0,12.07
3A+1T,9.79,0.14,0,0,-1,1,1,0,0,0,0,9.93
3A+1Lo+3S,14.74,1,1,1,-1,2,1,1,2,0,1,15.74
3Lo,5.61,0.7,1,1,2,1,1,1,1,1,1,6.31
3Lz,6.6,-2.1,-3,-3,-3,-3,-3,-3,-3,-3,-3,4.5
FCSSp3,2.6,0.43,0,1,1,1,1,1,0,1,1,3.03
ChSq1,2,1.4,2,2,2,3,2,2,2,1,2,3.4
CCoSp3p4,3.5,0.64,1,1,1,2,1,1,2,1,2,4.14
Total,90.5,7.85,,,,,,,,,,98.35
Program components,,Factor,Judges scores (random order),,,,,,,,,Score
Skating Skills,,2,9,8.75,7.75,9,9,8.75,9.25,9,9,8.93
Transition/Linking Footwork,,2,8,8.75,7.25,9,8.25,8.75,8.75,8.5,8.5,8.5
Performance/Execution,,2,8.75,9.25,8,8.5,8.75,9,9.25,9,8.75,8.86
Choreography/Composition,,2,8.75,9.25,8.5,9.25,9.25,9.25,9.25,9,9.25,9.14
Interpretation,,2,9.25,9.25,7.25,8.75,9,9.25,9.25,8.75,9,9.04
Total,,,,,,,,,,,,88.94
Deduction,,,,,,,,,,,,1
Program total,,98.35 + 88.94 - 1.00 = 186.29,,,,,,,,,,
Elements,Base value,GOE,J1,J2,J3,J4,J5,J6,J7,Score,,
4S,10.5,1.8,1,2,2,3,2,1,2,12.3,,
4T,10.3,-0.48,-1,0,-1,-1,0,0,0,9.82,,
3F,5.3,1.4,2,2,2,2,2,2,2,6.7,,
FCCoSp3p4,3.5,0.7,1,1,2,1,1,2,2,4.2,,
StSq2,2.6,1.5,2,3,3,3,3,3,3,4.1,,
4T<+REP,6.16,-4,-3,-3,-3,-3,-3,-3,-3,2.16,,
3A+2T,10.78,2,2,1,2,2,2,2,2,12.78,,
3A,9.35,-0.8,-1,-1,-1,-1,0,-2,1,8.55,,
3Lo+1Lo+3S,11,0.98,1,1,1,2,1,2,2,11.98,,
3Lz,6.6,1.4,2,1,2,3,2,2,2,8,,
FCSSp4,3,0.9,2,2,1,2,2,1,2,3.9,,
ChSq1,2,1.96,3,2,3,3,3,3,2,3.96,,
CCoSp3p4,3.5,1,2,1,2,2,2,2,2,4.5,,
Total,84.59,8.36,,,,,,,,92.95,,
Program components,,Factor,J1,J2,J3,J4,J5,J6,J7,Score,,
Skating Skills,,2,8.5,9.25,8.75,9,9.25,9.25,9.25,9.1,,
Transition/Linking Footwork/Movement,,2,8.25,9,8.75,9.5,9.25,9.25,9.25,9.1,,
Performance/Execution,,2,8.75,9,8.5,9.75,9.5,8.75,9.25,9.05,,
Choreography/Composition,,2,9,9.25,9.25,9.5,9.5,9.25,9.5,9.35,,
Interpretation,,2,9,9.25,9.25,9.75,9.75,9.5,9.5,9.45,,
Total,,,,,,,,,,92.1,,
Deduction,,,,,,,,,,1,,
Program total,,92.95 + 92.10 - 1.00 = 184.05,,,,,,,,,,
Elements,Base value,GOE,Judges scores (random order),,,,,,,,,Score
4S,10.5,2.57,3,3,2,2,3,2,3,3,2,13.07
3T,4.1,1,2,2,1,1,2,1,1,1,2,5.1
3F,5.3,1.4,2,2,2,3,2,2,2,2,2,6.7
FCCoSp3p4,3.5,1,2,2,2,2,2,2,2,2,2,4.5
StSq4,3.9,1.4,2,2,1,2,2,2,2,2,2,5.3
3Lz+2T,8.03,1.1,1,2,1,2,3,1,3,1,1,9.13
3A+2T,10.78,2.14,2,2,2,2,3,1,3,2,2,12.92
3A+1Lo+3S,14.52,2,2,2,2,2,2,2,2,2,2,16.52
3Lo,5.61,0.9,1,1,1,2,2,0,1,1,2,6.51
3Lz,6.6,0.8,1,1,1,1,2,0,2,1,1,7.4
ChSq1,2,1.3,2,2,1,2,3,1,3,2,1,3.3
FCSSp4,3,0.86,2,2,2,2,1,1,2,2,1,3.86
CCoSp3p4,3.5,1.14,2,3,2,3,2,2,3,2,2,4.64
Total,81.34,17.61,,,,,,,,,,98.95
Program components,,Factor,Judges scores (random order),,,,,,,,,Score
Skating Skills,,2,9.25,9.5,9.25,9.25,9.75,8.5,9.5,9.5,9.5,9.39
Transition/Linking Footwork,,2,9,9.5,9,9,9.25,8.75,8.5,8.75,9.25,9
Performance/Execution,,2,9.25,9.5,9.5,10,9.75,8.5,9.5,9.5,9.75,9.54
Choreography/Composition,,2,9.25,9.75,9.25,9.75,9.5,8.75,9.25,9,9.5,9.36
Interpretation,,2,9,9.75,9.25,9.5,10,8.75,9.5,9.25,9.5,9.39
Total,,,,,,,,,,,,93.36
Deduction,,,,,,,,,,,,0
Program total,,98.95 + 93.36 - 0.00 = 192.31,,,,,,,,,,
Elements,Base value,GOE,Judges scores (random order),,,,,,,,,Score
2S,1.3,0.03,0,1,0,0,0,0,1,0,0,1.33
4T,10.3,-3,-3,-3,-3,-3,-3,-3,-3,-3,-3,7.3
3F,5.3,-0.1,0,0,0,-1,0,-1,0,1,0,5.2
FCCoSp3p4,3.5,0.86,2,2,1,2,2,1,2,2,1,4.36
StSq4,3.9,1.4,2,2,0,2,2,2,2,2,2,5.3
3Lz+2T,8.03,0.7,1,1,1,1,2,1,1,1,1,8.73
3A+3T,13.86,1.57,2,2,1,2,2,1,1,2,1,15.43
3A+1Lo+3S,14.52,1.29,2,1,0,2,1,1,1,2,1,15.81
3Lo,5.61,0.5,2,0,1,1,1,0,1,1,0,6.11
3Lz,6.6,0.9,1,1,1,2,2,1,1,2,1,7.5
ChSq1,2,1.1,1,2,1,3,1,2,1,2,2,3.1
FCSSp4,3,0.71,2,2,0,1,2,2,1,2,0,3.71
CCoSp3p4,3.5,0.86,2,2,1,2,2,1,2,2,1,4.36
Total,81.42,6.82,,,,,,,,,,88.24
Program components,,Factor,Judges scores (random order),,,,,,,,,Score
Skating Skills,,2,8.75,9,8.75,8.75,9.25,9,8.5,9.25,9,8.93
Transition/Linking Footwork,,2,8.5,8.75,8.5,8.25,9,9,8,9,9,8.71
Performance/Execution,,2,8.5,8.75,8.75,8.5,9,8.75,8.75,8.75,8.5,8.68
Choreography/Composition,,2,8.75,9.25,8.75,9.25,9.25,9,8.5,9.25,9,9.04
Interpretation,,2,8.5,9.25,8.75,9,9,9,8.5,9.25,9.5,8.96
Total,,,,,,,,,,,,88.64
Deduction,,,,,,,,,,,,1
Program total,,88.24 + 88.64 - 1.00 = 175.88,,,,,,,,,,
Elements,Base value,GOE,J1,J2,J3,J4,J5,J6,J7,Score,,
4S,10.5,-3,-3,-3,-3,-3,-3,-3,-3,7.5,,
4T,10.3,2.6,3,2,3,2,2,3,3,12.9,,
3F,5.3,0.7,1,1,1,1,1,1,1,6,,
FCCoSp3p3,3,0.04,0,-1,0,-1,1,2,0,3.04,,
StSq4,3.9,1.26,1,1,2,2,2,2,2,5.16,,
3Lz+2T,8.03,1.54,3,2,2,2,2,3,2,9.57,,
3A+3T,13.86,2,2,2,3,2,2,2,2,15.86,,
3A+1Lo+3S,14.52,1.6,2,1,1,2,2,2,1,16.12,,
3Lo,5.61,0.98,2,0,1,2,2,1,1,6.59,,
3Lz,6.6,1.26,2,1,1,2,2,2,2,7.86,,
ChSq1,2,1.4,1,3,2,2,2,2,2,3.4,,
FCSSp4,3,0.6,1,2,1,1,2,1,1,3.6,,
CCoSp3p4,3.5,0.8,2,2,1,2,2,1,1,4.3,,
Total,90.12,11.78,,,,,,,,101.9,,
Program components,,Factor,J1,J2,J3,J4,J5,J6,J7,Score,,
Skating Skills,,2,9,9.25,8.75,9.25,9.25,9.25,9.75,9.2,,
Transition/Linking Footwork/Movement,,2,8.5,8.75,8.75,9,9.5,8.75,9,8.85,,
Performance/Execution,,2,8.75,9.25,9.25,9.25,9.5,9.25,9.25,9.25,,
Choreography/Composition,,2,9,9.5,9.25,9.5,9,9,9.5,9.25,,
Interpretation,,2,9,9.25,8.75,9.5,9.25,9.25,9.75,9.25,,
Total,,,,,,,,,,91.6,,
Deduction,,,,,,,,,,1,,
Program total,,101.90 + 91.60 - 1.00 = 192.50,,,,,,,,,,
Elements,Base value,GOE,Judges scores (random order),,,,,,,,,Score
4S,10.5,2.43,3,3,3,2,2,3,2,2,2,12.93
4T,10.3,2.71,3,3,3,3,2,3,2,3,2,13.01
3F,5.3,1.2,1,2,2,2,1,2,2,2,1,6.5
FCCoSp3p4,3.5,0.71,0,2,2,1,1,1,2,1,2,4.21
StSq3,3.3,0.93,2,2,2,2,2,3,1,2,1,4.23
3Lz+2T,8.03,1,1,2,2,1,1,1,1,2,2,9.03
3A+3T,13.86,2.29,2,3,2,2,2,2,2,3,3,16.15
3A+1Lo+3S,14.52,2.14,2,3,2,3,1,1,2,3,2,16.66
3Lo,5.61,0.9,1,2,1,1,1,0,2,2,1,6.51
3Lz<,4.62,-2.1,-3,-3,-3,-3,-3,-3,-3,-3,-3,2.52
ChSq1,2,1.4,1,2,2,2,2,2,2,2,2,3.4
FCSSp4,3,0.79,1,1,2,2,2,2,1,1,2,3.79
CCoSp3p4,3.5,0.86,1,2,2,2,2,2,1,1,2,4.36
Total,88.04,15.26,,,,,,,,,,103.3
Program components,,Factor,Judges scores (random order),,,,,,,,,Score
Skating Skills,,2,9.5,8.5,9.75,9.25,9.5,9.25,8.75,9.5,9.25,9.29
Transition/Linking Footwork,,2,8.5,7.75,9.5,8.75,8.75,9.25,8.5,9.25,8.75,8.82
Performance/Execution,,2,9.5,9,9.75,9.25,9.75,9,8.75,9.75,9.5,9.39
Choreography/Composition,,2,8.75,9,9.75,9.25,9.25,9.75,8.5,9.5,8.75,9.18
Interpretation,,2,8.75,8.75,9.5,9,9.5,9.5,8.5,9.5,9.5,9.21
Total,,,,,,,,,,,,91.78
Deduction,,,,,,,,,,,,1
Program total,,103.30 + 91.78 - 1.00 = 194.08,,,,,,,,,,
Elements,Base value,GOE,Judges scores (random order),,,,,,,,,Score
2S,1.3,-0.06,-1,0,0,0,0,0,-1,0,-1,1.24
3T,4.1,-2.1,-3,-3,-3,-3,-3,-3,-3,-3,-3,2
3F,5.3,0.7,1,1,2,1,1,1,1,1,1,6
FCCoSp3p3,3,0.5,1,1,1,0,1,1,1,1,1,3.5
StSq3,3.3,0.93,1,2,2,2,2,2,1,2,2,4.23
3Lz+2T,8.03,0.9,1,1,2,1,1,1,1,2,2,8.93
3A+3T,13.86,1.86,1,2,3,1,2,2,2,2,2,15.72
1A+1Lo+3S,6.38,0,1,0,0,0,0,0,0,0,0,6.38
3Lo,5.61,0.5,1,0,2,1,1,1,0,1,0,6.11
3Lz,6.6,-0.4,-1,0,-1,0,0,-1,0,-1,-1,6.2
ChSq1,2,1,1,1,1,1,2,2,0,2,2,3
FCSSp4,3,0.5,1,1,1,1,1,1,1,1,1,3.5
CCoSp3p3,3,0.5,1,1,2,1,1,0,1,1,1,3.5
Total,65.48,4.83,,,,,,,,,,70.31
Program components,,Factor,Judges scores (random order),,,,,,,,,Score
Skating Skills,,2,8.25,8.25,8.25,8.5,8.75,8.75,8.25,8.5,8.75,8.46
Transition/Linking Footwork,,2,8,8,8.25,8,8.5,8.5,8.25,8,8.5,8.21
Performance/Execution,,2,7.75,7.75,7.5,8.25,8.25,8,8.25,8,8,8
Choreography/Composition,,2,8,8,8,8.25,8.75,8.75,8.5,8.75,8.5,8.39
Interpretation,,2,7.5,8,7.5,8.25,8.5,8.25,8.25,8.5,8.5,8.18
Total,,,,,,,,,,,,82.48
Deduction,,,,,,,,,,,,1
Program total,,70.31 + 82.48 - 1.00 = 151.79,,,,,,,,,,
Elements,Base value,GOE,Judges scores (random order),,,,,,,,,Score
4S,10.5,-2.86,-2,-3,-3,-3,-3,-3,-3,-3,-2,7.64
4T,10.3,-3,-2,-3,-3,-3,-3,-3,-3,-3,-3,7.3
3F,5.3,1,1,1,1,2,2,1,2,1,2,6.3
FCCoSp2p2,1.8,0.43,1,1,1,0,1,0,1,1,1,2.23
StSq3,3.3,0.93,1,2,2,2,2,1,2,2,2,4.23
3Lz+2T,8.03,1.2,2,2,1,2,2,1,2,1,2,9.23
3A,9.35,-3,-2,-3,-3,-3,-3,-3,-3,-3,-3,6.35
3A+1Lo+3S,14.52,1.71,2,2,1,2,2,1,2,1,2,16.23
3Lo<,3.96,-2.1,-3,-3,-3,-3,-3,-3,-3,-3,-3,1.86
3Lz,6.6,-2.1,-3,-3,-3,-3,-3,-3,-3,-3,-3,4.5
ChSq1,2,0.5,0,1,1,2,1,0,0,1,1,2.5
FCSSp4,3,0.71,1,2,2,1,2,0,2,1,1,3.71
CCoSp3p3,3,0.5,1,1,1,1,1,0,1,1,1,3.5
Total,81.66,-6.08,,,,,,,,,,75.58
Program components,,Factor,Judges scores (random order),,,,,,,,,Score
Skating Skills,,2,8.75,8.5,8.25,8,8.5,9,8.25,8.75,8.25,8.46
Transition/Linking Footwork,,2,8.25,8.25,8.5,8.5,7.75,8.75,7.75,8.25,8.5,8.29
Performance/Execution,,2,7.75,8.5,7.5,7.5,7.75,8.75,7,8.75,8.5,8.04
Choreography/Composition,,2,8.25,9,8.75,8.5,8.75,9,7.75,8.5,9,8.68
Interpretation,,2,8.5,9,8.25,8.25,8.5,9.25,7.5,8.75,8.5,8.54
Total,,,,,,,,,,,,84.02
Deduction,,,,,,,,,,,,5
Program total,,75.58 + 84.02 - 5.00 = 154.60,,,,,,,,,,
Elements,Base value,GOE,Judges scores (random order),,,,,,,,,Score
4S,10.5,0,-1,1,-1,0,0,0,0,1,0,10.5
4T,10.3,2,2,2,2,2,2,0,2,3,2,12.3
3Fe,5.3,-0.3,-1,-1,-2,0,0,-1,1,0,0,5
StSq4,3.9,0.8,1,1,0,1,2,1,1,2,1,4.7
FCCoSp4,3.5,1.07,3,2,1,2,2,2,2,3,2,4.57
3A+3T,13.86,0.71,0,1,0,0,1,-1,2,1,2,14.57
3A+2T,10.78,1.57,1,2,1,1,2,0,3,2,2,12.35
3Lo,5.61,0.9,1,1,1,1,1,1,2,2,2,6.51
3Lz+1Lo+3S,11.77,-0.2,1,-1,0,-1,-1,-1,0,1,0,11.57
3Lz,6.6,0.5,0,1,0,1,1,0,2,1,1,7.1
ChSq1,2,1.4,1,2,1,2,2,2,3,3,2,3.4
FCSSp4,3,0.86,2,2,0,2,2,1,2,2,1,3.86
CCoSp3,3,0.5,1,1,1,2,1,1,1,1,1,3.5
Total,90.12,9.81,,,,,,,,,,99.93
Program components,,Factor,Judges scores (random order),,,,,,,,,Score
Skating Skills,,2,9.5,9,8.75,9.25,9.25,9,9.5,9.5,9.25,9.25
Transition/Linking Footwork,,2,9,9,8.5,9,9,8.5,9.5,9.25,8.75,8.93
Performance/Execution,,2,9.25,8.5,8.75,9.5,9.5,9,10,9.5,9,9.21
Choreography/Composition,,2,9.25,9,8.75,9,9.25,9,10,9.25,9,9.11
Interpretation,,2,9.5,8,8.75,9.25,9.5,9,9.75,9.25,9.25,9.21
Total,,,,,,,,,,,,91.42
Deduction,,,,,,,,,,,,0
Program total,,99.93 + 91.42 - 0.00 = 191.35,,,,,,,,,,
Elements,Base value,GOE,Judges scores (random order),,,,,,,,,Score
4S,10.5,-3,-3,-3,-3,-3,-3,-3,-3,-3,-2,7.5
4T,10.3,2.14,2,2,3,2,2,3,2,2,2,12.44
3F,5.3,-1.9,-2,-3,-3,-2,-2,-3,-3,-3,-3,3.4
StSq3,3.3,1,2,2,2,2,2,3,2,2,2,4.3
FCCoSp4,3.5,1,2,2,2,2,2,3,2,2,2,4.5
3A+3T,13.86,2.43,2,3,2,3,2,3,3,2,2,16.29
3A+2T,10.78,0.29,0,0,0,0,1,1,1,-1,0,11.07
3Lo,5.61,0.3,1,0,1,1,0,2,0,0,0,5.91
3Lz+1Lo+SEQ,5.72,-0.3,0,-1,1,-1,-1,-1,0,0,0,5.42
3Lz,6.6,1.2,2,1,2,2,1,2,2,1,2,7.8
ChSq1,2,1.6,2,2,2,2,3,3,2,2,3,3.6
FCSSp4,3,0.79,1,2,1,1,2,3,1,2,2,3.79
CCoSp3,3,0.64,1,1,2,1,1,2,2,1,0,3.64
Total,83.47,6.19,,,,,,,,,,89.66
Program components,,Factor,Judges scores (random order),,,,,,,,,Score
Skating Skills,,2,9,9,9.25,9.25,9.25,8.75,9,8.75,9.5,9.07
Transition/Linking Footwork/Movement,,2,9.25,8.5,9,9,8.75,8.75,9,9,9.25,8.96
Performance/Execution,,2,8.75,8.5,9,8.75,9,9.25,9.25,8.75,8.75,8.89
Choreography/Composition,,2,9,9.5,9,9,9.25,9.5,9.25,9.25,9.25,9.21
Interpretation,,2,8.5,9.5,9.25,9.25,9.5,9.25,9.25,9.5,9.5,9.36
Total,,,,,,,,,,,,90.98
Deduction,,,,,,,,,,,,2
Program total,,89.66 + 90.98 - 2.00 = 178.64,,,,,,,,,,
Elements,Base value,GOE,J1,J2,J3,J4,J5,J6,J7,Score,,
4S,10.5,-3,-2,-3,-3,-3,-3,-3,-3,7.5,,
4T,10.3,1.4,3,0,1,2,1,1,2,11.7,,
3Fe,5.3,0.42,2,-1,0,1,0,1,1,5.72,,
StSq3,3.3,1,2,2,2,2,2,2,2,4.3,,
FCCoSp3,3,1,2,2,2,2,2,2,2,4,,
3A+3T,13.86,2.8,3,3,3,2,3,3,2,16.66,,
3A+2T,10.78,2.8,3,3,2,3,3,3,2,13.58,,
3Lo,5.61,1.12,2,1,1,1,2,2,2,6.73,,
3Lz+1Lo+3S,11.77,1.4,2,2,2,3,2,2,2,13.17,,
3Lz,6.6,0.56,1,-1,1,1,0,1,2,7.16,,
ChSq1,2,1.68,2,2,2,3,3,3,2,3.68,,
FCSSp4,3,1,2,2,1,2,2,2,2,4,,
CCoSp2,2.5,0.9,2,1,1,2,2,3,2,3.4,,
Total,88.52,13.08,,,,,,,,101.6,,
Program components,,Factor,J1,J2,J3,J4,J5,J6,J7,Score,,
Skating Skills,,2,9.5,9.25,9.5,9.25,9.5,9.25,8.75,9.35,,
Transition/Linking Footwork/Movement,,2,9.25,9,8.75,9.25,9.5,8.75,9,9.05,,
Performance/Execution,,2,9.75,9.25,9.25,9.75,9.5,9.5,9.5,9.5,,
Choreography/Composition,,2,9.75,9.5,9.5,9.5,9.75,9.25,9.5,9.55,,
Interpretation,,2,9.75,9.25,9.75,9.5,9.75,9.5,9.5,9.6,,
Total,,,,,,,,,,94.1,,
Deduction,,,,,,,,,,1,,
Program total,,101.60 + 94.10 - 1.00 = 194.70,,,,,,,,,,
Elements,Base value,GOE,Judges scores (random order),,,,,,,,,Score
4S,10.5,-3,-3,-3,-3,-3,-3,-3,-3,-3,-2,7.5
4T,10.3,2.29,3,3,3,2,2,2,2,2,2,12.59
3F,5.3,1.4,2,2,2,2,2,2,2,2,3,6.7
StSq3,3.3,1,2,2,2,2,2,2,2,3,1,4.3
FCCoSp4,3.5,1,2,2,2,2,2,2,2,3,1,4.5
3A+3T,13.86,2.57,2,3,3,2,2,2,3,3,3,16.43
3A+2T,10.78,2.14,2,2,2,2,2,1,3,3,2,12.92
3Lo,5.61,1,2,2,1,1,1,2,0,2,1,6.61
3Lz+1Lo+3S,11.77,0.9,1,2,2,1,1,1,1,2,0,12.67
3Lz,6.6,1.3,1,2,2,1,2,2,2,2,2,7.9
ChSq1,2,1.7,3,2,2,3,3,2,3,2,1,3.7
FCSSp4,3,1,1,2,2,2,2,2,2,2,2,4
CCoSp1,2,0.21,0,1,0,0,1,1,0,0,1,2.21
Total,88.52,13.51,,,,,,,,,,102.03
Program components,,Factor,Judges scores (random order),,,,,,,,,Score
Skating Skills,,2,9,9.25,8.75,9.25,9.25,9.5,9,9.25,8.75,9.11
Transition/Linking Footwork,,2,8.75,9,8.5,9,9,9.25,9,9.25,9,9
Performance/Execution,,2,9.25,9.5,9.25,8.75,9.25,9.5,9.5,9.5,8.75,9.29
Choreography/Composition,,2,9,9.25,9,9.5,9.5,9.75,9.5,9.5,9.75,9.43
Interpretation,,2,9,9.25,8.75,9.5,9.5,9.5,9.5,9.5,9.25,9.36
Total,,,,,,,,,,,,92.38
Deduction,,,,,,,,,,,,1
Program total,,102.03 + 92.38 - 1.00 = 193.41,,,,,,,,,,
Elements,Base value,GOE,Judges scores (random order),,,,,,,,,Score
1S,0.4,-0.23,-2,-1,-2,-2,-2,-3,-3,-2,-3,0.17
4T,10.3,-3,-3,-3,-3,-3,-3,-3,-3,-3,-3,7.3
3Fe,5.3,0,0,0,0,0,0,0,0,0,-1,5.3
StSq3,3.3,0.5,1,0,1,2,1,1,1,1,1,3.8
FCCoSp4,3.5,0.57,2,1,1,1,2,1,1,1,1,4.07
3A+3T,13.86,2,2,2,2,3,2,1,2,2,2,15.86
3A+2T,10.78,2,2,2,2,0,2,2,2,2,2,12.78
3Lo,5.61,0.7,1,1,1,1,1,1,1,1,1,6.31
3Lz+1Lo+3S,11.77,0.7,1,0,1,1,1,2,1,1,1,12.47
3Lz,6.6,1,2,1,1,2,2,1,1,1,2,7.6
ChSq1,2,1.4,3,2,2,2,2,2,2,2,2,3.4
FCSSp4,3,0.93,3,2,1,1,2,2,2,2,2,3.93
CCoSp4,3.5,0.79,2,2,1,1,2,2,1,2,1,4.29
Total,79.92,7.36,,,,,,,,,,87.28
Program components,,Factor,Judges scores (random order),,,,,,,,,Score
Skating Skills,,2,8,8.5,8.25,8.5,8.5,8.5,8.5,8.25,8.25,8.39
Transition/Linking Footwork,,2,7.5,8,8,7.75,7.75,7.75,8,7.75,7.75,7.82
Performance/Execution,,2,7.75,8.5,8.25,8.25,8,8,8.5,8,7.5,8.11
Choreography/Composition,,2,8.25,8.25,8.75,8.25,8.25,8.25,8.5,8.25,8,8.29
Interpretation,,2,7.75,8.5,8.5,8.25,8.5,8.75,8.5,8.5,7.75,8.36
Total,,,,,,,,,,,,81.94
Deduction,,,,,,,,,,,,1
Program total,,87.28 + 81.94 - 1.00 = 168.22,,,,,,,,,,
Elements,Base value,GOE,Judges scores (random order),,,,,,,,,Score
4S,10.5,-3,-3,-3,-3,-3,-3,-3,-3,-3,-3,7.5
4T,10.3,-0.71,-1,-1,0,-1,0,-1,-1,0,-1,9.59
3F,5.3,0.5,1,1,1,0,0,0,1,1,1,5.8
StSq3,3.3,0.57,2,1,1,1,1,1,2,1,1,3.87
FCCoSp4,3.5,0.57,2,0,1,2,1,1,1,1,1,4.07
1A+1T,1.65,-0.23,-1,-2,-1,-1,-1,-1,-1,-2,-1,1.42
3A+2T,10.78,0.57,0,0,0,1,0,1,1,1,2,11.35
3Lo,5.61,0.5,1,0,1,1,1,1,0,0,1,6.11
3Lz+1Lo+3S<,10.34,-0.6,-1,-1,-1,0,-1,-1,0,-1,-1,9.74
3Lz,6.6,0.8,1,0,1,1,1,1,2,1,2,7.4
ChSq1,2,1.4,3,1,2,2,2,2,3,1,2,3.4
FCSSp4,3,0.93,2,1,1,2,2,2,2,2,2,3.93
CCoSp4,3.5,0.86,1,2,2,2,1,2,2,1,3,4.36
Total,76.38,2.16,,,,,,,,,,78.54
Program components,,Factor,Judges scores (random order),,,,,,,,,Score
Skating Skills,,2,8.75,7.5,8,7.5,8.25,8,8,8.25,8,8
Transition/Linking Footwork,,2,7.5,7.25,7.25,7.25,8,7.75,7.5,7.5,7.5,7.46
Performance/Execution,,2,8.25,7.5,7.5,7.5,8,7.5,7.75,7.25,7.5,7.61
Choreography/Composition,,2,7.5,7.5,7.75,7.75,8,8,8.5,7.5,7.75,7.75
Interpretation,,2,7,7.75,7.25,7.75,8.25,7.5,8.75,7.25,7.5,7.61
Total,,,,,,,,,,,,76.86
Deduction,,,,,,,,,,,,1
Program total,,78.54 + 76.86 - 1.00 = 154.40,,,,,,,,,,
Elements,Base value,GOE,J1,J2,J3,J4,J5,J6,J7,J8,Score,
4S,10.5,1.5,0,1,2,2,1,2,2,1,12,
4T,10.3,1.67,2,1,1,2,2,2,2,1,11.97,
3Fe,5.3,-0.58,-1,-1,-1,0,0,-1,-1,-1,4.72,
StSq3,3.3,0.58,1,2,1,2,1,1,1,1,3.88,
FCCoSp4,3.5,0.75,2,1,1,2,2,2,1,1,4.25,
3A,9.35,-1,-1,-1,-1,-1,0,-1,-1,-1,8.35,
3A+2T,10.78,1.83,2,1,1,2,2,2,2,2,12.61,
3Lo+2T,7.04,0.35,1,0,0,1,1,1,0,0,7.39,
3Lz+1Lo+3S,11.77,0.7,1,1,1,1,1,2,1,1,12.47,
3Lz,6.6,-1.05,-1,-2,-2,-1,-1,-1,-2,-2,5.55,
ChSq1,2,1.63,3,3,1,2,2,2,2,3,3.63,
FCSSp4,3,0.92,2,2,1,2,1,2,2,2,3.92,
CCoSp2,2.5,0.67,2,1,1,2,2,1,1,1,3.17,
Total,85.94,7.97,,,,,,,,,93.91,
Program components,,Factor,J1,J2,J3,J4,J5,J6,J7,J8,Score,
Skating Skills,,2,9.25,8.5,8.75,9.5,8.75,8.75,8.25,8.25,8.71,
Transition/Linking Footwork/Movement,,2,9,8,8.5,9,8.5,8.5,8.25,8,8.46,
Performance/Execution,,2,9,8.5,8.75,9.5,9,8.75,8.25,8.5,8.75,
Choreography/Composition,,2,9.25,8.5,8.5,9.25,8.75,8.75,8,8.5,8.71,
Interpretation,,2,9.5,8.5,8.75,9.25,9,9,8.5,8.75,8.88,
Total,,,,,,,,,,,87.02,
Deduction,,,,,,,,,,,0,
Program total,,93.91 + 87.02 - 0.00 = 180.93,,,,,,,,,,
Elements,Base value,GOE,Judges scores (random order),,,,,,,,,Score
4T,10.3,0.57,1,0,1,0,0,0,1,1,1,10.87
4S<,7.4,-1.86,-2,-1,-2,-2,-2,-1,-2,-3,-2,5.54
3Fe,5.3,-0.6,-1,-1,-2,-1,0,-1,0,-2,0,4.7
FCCoSp3,3,0.57,2,1,0,2,1,1,1,1,1,3.57
StSq3,3.3,0.57,1,1,1,1,2,1,1,1,2,3.87
3A+3T,13.86,1.14,1,0,3,1,3,0,1,0,2,15
3A+2T,10.78,1.14,2,1,1,1,2,1,1,1,1,11.92
3Lo,5.61,0.6,1,1,2,0,1,0,0,1,2,6.21
3Lz+2T+2T,9.46,0.4,1,0,1,0,1,0,1,0,1,9.86
3Lz,6.6,0.7,2,1,1,0,1,0,1,1,2,7.3
ChSq1,2,1,2,2,1,0,2,1,1,2,1,3
CCoSp3,3,0.5,1,1,1,1,1,0,1,1,1,3.5
FCSSp4,3,0.71,2,1,2,1,1,1,2,1,2,3.71
Total,83.61,5.44,,,,,,,,,,89.05
Program components,,Factor,Judges scores (random order),,,,,,,,,Score
Skating Skills,,2,8.75,8.25,8.5,7.5,8.75,7.5,8.25,8.5,8,8.25
Transition/Linking Footwork,,2,8.5,7.75,7.5,7.25,8.5,7.25,7.5,8.25,7.5,7.75
Performance/Execution,,2,8,7.5,8,7,9.5,7.5,8,8.25,7.75,7.86
Choreography/Composition,,2,9,7.75,8.75,7.75,9,7.5,7.75,8.5,7.5,8.14
Interpretation,,2,8.5,8,7.5,7.75,9.25,7.5,8,8.5,7.75,8
Total,,,,,,,,,,,,80
Deduction,,,,,,,,,,,,0
Program total,,89.05 + 80.00 - 0.00 = 169.05,,,,,,,,,,
Elements,Base value,GOE,Judges scores (random order),,,,,,,,,Score
4T,10.3,2.14,2,2,2,1,3,2,2,3,2,12.44
2S,1.3,0,0,0,-1,0,0,0,0,0,0,1.3
3Fe,5.3,-0.4,0,-1,0,-1,0,-1,-1,0,-1,4.9
FCCoSp4,3.5,0.71,1,2,1,1,2,2,1,1,2,4.21
StSq3,3.3,0.79,1,1,1,1,2,2,2,2,2,4.09
3A+2T,10.78,-0.14,0,-1,0,-1,1,0,0,0,0,10.64
3A+2T+2T,12.21,0.57,1,2,0,0,1,0,0,1,1,12.78
3Lo,5.61,0.4,1,1,0,0,1,1,0,1,0,6.01
3Lz+2T,8.03,0.6,1,1,0,0,1,1,1,2,1,8.63
1Lz,0.66,-0.04,0,-1,-1,0,0,0,-1,0,-1,0.62
ChSq1,2,1.4,1,2,2,0,2,2,2,3,3,3.4
CCoSp4,3.5,0.57,1,1,1,0,1,2,1,1,2,4.07
FCSSp4,3,0.86,1,2,1,0,2,2,2,2,2,3.86
Total,69.49,7.46,,,,,,,,,,76.95
Program components,,Factor,Judges scores (random order),,,,,,,,,Score
Skating Skills,,2,8.25,8,8.5,8.5,8.25,8.25,8.5,8.75,8.5,8.39
Transition/Linking Footwork,,2,8,7.25,7.75,8,8.25,8.5,8,8.5,8,8.07
Performance/Execution,,2,8,7.5,7.5,8.5,8,8.25,7.5,8.75,8.25,8
Choreography/Composition,,2,8,7.5,7.75,8.75,8.5,8.25,8.25,9.25,8.5,8.29
Interpretation,,2,8,7.25,8,8.5,8.25,8.25,7.75,9,8.25,8.14
Total,,,,,,,,,,,,81.78
Deduction,,,,,,,,,,,,0
Program total,,76.95 + 81.78 - 0.00 = 158.73,,,,,,,,,,
Elements,Base value,GOE,J1,J2,J3,J4,J5,J6,J7,Score,,
4T,10.3,0,0,0,1,0,-2,0,0,10.3,,
4S,10.5,-1.8,-2,-2,-2,-1,-2,-1,-2,8.7,,
3Fe,5.3,0.28,1,0,1,0,0,-1,1,5.58,,
FCCoSp4,3.5,1.1,2,1,3,2,2,2,3,4.6,,
StSq3,3.3,0.9,1,1,3,2,2,2,2,4.2,,
3A+3T,13.86,2.2,1,2,2,2,2,3,3,16.06,,
3A+2T,10.78,2,2,1,3,3,1,2,2,12.78,,
3Lo,5.61,1.12,0,1,2,1,2,2,2,6.73,,
3Lz+2T+2T,9.46,0.7,0,1,1,1,1,1,1,10.16,,
3Lz,6.6,0.98,1,-1,2,2,1,2,1,7.58,,
ChSq1,2,1.26,1,1,3,2,2,2,2,3.26,,
CCoSp3,3,0.9,2,1,2,2,2,1,2,3.9,,
FCSSp4,3,1,1,2,2,2,2,2,2,4,,
Total,87.21,10.64,,,,,,,,97.85,,
Program components,,Factor,J1,J2,J3,J4,J5,J6,J7,Score,,
Skating Skills,,2,9.25,8.75,9,9.5,9,9.25,9,9.1,,
Transition/Linking Footwork/Movement,,2,8.75,8.5,8.75,9.25,8.5,9,8.5,8.7,,
Performance/Execution,,2,8.75,8.5,9.5,9.5,8.75,9,8.75,8.95,,
Choreography/Composition,,2,9,9,9.25,9.5,8.75,9.25,9,9.1,,
Interpretation,,2,8.75,9,9,9.25,8.75,9.25,9,9,,
Total,,,,,,,,,,89.7,,
Deduction,,,,,,,,,,0,,
Program total,,97.85 + 89.70 - 0.00 = 187.55,,,,,,,,,,
Elements,Base value,GOE,Judges scores (random order),,,,,,,,,Score
4T,10.3,2.71,3,3,2,3,3,2,3,2,3,13.01
2S,1.3,0.23,2,2,2,1,0,1,1,0,1,1.53
3Fe,5.3,-0.2,0,-1,1,0,0,-1,-1,0,0,5.1
FCCoSp4,3.5,0.79,1,1,2,1,2,2,2,1,2,4.29
StSq3,3.3,0.71,2,2,1,2,2,1,1,1,1,4.01
3A+3T,13.86,2,2,2,2,2,2,2,2,2,2,15.86
3A+2T,10.78,1.86,2,2,2,3,2,1,1,2,2,12.64
3Lo,5.61,0.9,1,2,2,2,1,1,1,0,1,6.51
3Lz+2T+2T,9.46,0.5,1,2,1,2,0,0,0,0,1,9.96
3Lz,6.6,1.3,2,3,2,3,1,1,2,1,2,7.9
ChSq1,2,1,2,2,3,1,1,1,2,1,1,3
CCoSp4,3.5,0.79,1,2,2,2,1,1,2,1,2,4.29
FCSSp4,3,0.86,1,2,2,3,1,2,2,1,2,3.86
Total,78.51,13.45,,,,,,,,,,91.96
Program components,,Factor,Judges scores (random order),,,,,,,,,Score
Skating Skills,,2,9,9,8,8.75,8.5,8.25,8.25,8.5,9.25,8.61
Transition/Linking Footwork,,2,8.75,8.5,8,8.5,7.75,7.75,8,8.5,9,8.29
Performance/Execution,,2,9.25,8.75,7.75,9.25,8,8,8.25,8.75,9.25,8.61
Choreography/Composition,,2,9,8.75,8.25,9,8,8.25,8.25,8.75,9.25,8.61
Interpretation,,2,8.75,8.75,8,9,8.25,8,8,8.5,9,8.46
Total,,,,,,,,,,,,85.16
Deduction,,,,,,,,,,,,0
Program total,,91.96 + 85.16 - 0.00 = 177.12,,,,,,,,,,
Elements,Base value,GOE,Judges scores (random order),,,,,,,,,Score
4T,10.3,1.57,2,2,1,0,1,2,2,2,1,11.87
4S,10.5,-1.71,-2,-2,-1,-2,-1,-2,-1,-2,-2,8.79
3F,5.3,1.3,2,2,2,0,2,2,2,2,1,6.6
FCCoSp4,3.5,0.71,2,2,-1,2,1,1,1,2,1,4.21
StSq3,3.3,0.71,2,1,1,1,2,2,1,1,2,4.01
3A+3T,13.86,2,2,2,2,3,2,2,2,2,2,15.86
3A+1T,9.79,1,1,1,1,1,1,0,1,2,1,10.79
3Lo,5.61,0.7,1,1,1,0,1,1,1,2,1,6.31
3Lz+2T,8.03,-0.1,0,0,-1,-1,0,0,0,1,0,7.93
3Lz,6.6,-2.1,-3,-3,-3,-3,-3,-3,-3,-3,-3,4.5
ChSq1,2,0.9,2,1,1,2,2,1,1,1,1,2.9
CCoSp1,2,-0.77,-3,-3,-2,-3,-3,-2,-3,-2,-2,1.23
FCSSp4,3,0.93,2,2,3,2,2,2,1,2,1,3.93
Total,83.79,5.14,,,,,,,,,,88.93
Program components,,Factor,Judges scores (random order),,,,,,,,,Score
Skating Skills,,2,8.25,8.5,7,8,8.25,8.25,8.75,8,7.25,8.07
Transition/Linking Footwork,,2,8,7.5,6.75,7.25,7.75,8,8.25,8,7,7.64
Performance/Execution,,2,8.25,7.75,7.25,7.75,7.5,8,8.25,8,7.5,7.82
Choreography/Composition,,2,8.25,7.5,7.75,8,7.75,8.5,8.5,7.75,7.5,7.93
Interpretation,,2,8.5,7.75,7,7.5,7.75,8.25,8.75,7.75,8,7.93
Total,,,,,,,,,,,,78.78
Deduction,,,,,,,,,,,,2
Program total,,88.93 + 78.78 - 2.00 = 165.71,,,,,,,,,,
Elements,Base value,GOE,Judges scores (random order),,,,,,,,,Score
4T,10.3,-3,-3,-2,-3,-3,-3,-3,-3,-3,-3,7.3
4S,10.5,-3,-3,-3,-3,-3,-3,-3,-3,-3,-3,7.5
3A,8.5,2,2,2,2,2,2,2,2,2,1,10.5
FCSSp4,3,0.93,2,2,2,2,1,3,1,2,2,3.93
StSq2,2.6,0.64,2,2,1,1,1,3,1,1,1,3.24
3A+3T,13.86,1.29,2,1,1,1,2,1,1,2,1,15.15
2Lz,2.31,-0.77,-3,-3,-3,-2,-2,-2,-3,-3,-2,1.54
3Lz,6.6,0.9,1,2,1,2,1,0,1,2,1,7.5
3Lo,5.61,0.8,2,1,2,1,1,2,0,1,0,6.41
FCCoSp2,2.5,0.71,2,1,1,2,1,2,1,2,1,3.21
3Fe,5.83,-2.1,-3,-3,-3,-3,-3,-3,-3,-3,-3,3.73
ChSq,0,0,,,,,,,,,,0
CCoSp1,2,0.1,1,0,0,-1,0,1,-1,2,0,2.1
Total,73.61,-1.5,,,,,,,,,,72.11
Program components,,Factor,Judges scores (random order),,,,,,,,,Score
Skating Skills,,2,8.25,8.25,8.25,8.5,9,8.5,7.75,7.75,7.75,8.18
Transition/Linking Footwork,,2,7.75,8,8,8,8.75,8,7,7.5,8,7.89
Performance/Execution,,2,7.75,7.75,8.25,7.75,8,8,7,7.5,7,7.68
Choreography/Composition,,2,8,8.25,8.25,8.5,8.75,8.75,7.5,8,7.75,8.21
Interpretation,,2,8,7.75,8,8,8,8,7.25,7.75,7.25,7.82
Total,,,,,,,,,,,,79.56
Deduction,,,,,,,,,,,,3
Program total,,72.11 + 79.56 - 3.00 = 148.67,,,,,,,,,,
Elements,Base value,GOE,J1,J2,J3,J4,J5,J6,J7,J8,Score,
4T,10.3,1.83,2,2,1,3,2,1,2,2,12.13,
4S,10.5,0.83,1,1,1,1,1,0,1,0,11.33,
3A,8.5,1.83,2,1,3,3,2,1,2,1,10.33,
FCSSp4,3,0.83,2,2,2,1,1,2,2,1,3.83,
StSq3,3.3,0.58,2,2,1,1,1,0,1,1,3.88,
3A+2T,10.78,1.67,1,1,2,2,2,1,2,2,12.45,
3Lz+2T,8.03,0.58,1,1,1,1,1,1,0,-1,8.61,
3Lz+1T,7.04,0,0,-1,0,0,0,0,0,0,7.04,
3Lo,5.61,0.7,1,1,0,1,1,1,1,1,6.31,
FCCoSp3,3,0.33,2,0,0,0,1,0,2,1,3.33,
3Fe,5.83,-0.82,-1,0,-1,-1,-1,-2,-1,-2,5.01,
ChSq1,2,0.7,1,2,1,0,1,1,1,1,2.7,
CCoSp4,3.5,0.25,1,0,0,0,1,-1,1,1,3.75,
Total,81.39,9.31,,,,,,,,,90.7,
Program components,,Factor,J1,J2,J3,J4,J5,J6,J7,J8,Score,
Skating Skills,,2,8.25,8.25,8.25,8.5,8.5,8,8,8,8.21,
Transitions,,2,7.5,8.25,8,8.25,8.25,7.75,7.75,7.5,7.92,
Performance/Execution,,2,7.75,8.5,8.25,8.75,8.5,8,8.5,8.5,8.38,
Choreography,,2,7.75,8.25,8,8.5,8.75,8.25,8.25,8,8.21,
Interpretation,,2,7.75,8,8.25,8.5,9,8,8.5,8,8.21,
Total,,,,,,,,,,,81.86,
Deduction,,,,,,,,,,,0,
Program total,,90.70 + 81.86 - 0.00 = 172.56,,,,,,,,,,
Elements,Base value,GOE,Judges scores (random order),,,,,,,,,Score
4T,10.3,2.43,2,3,2,2,3,3,1,3,2,12.73
3A,8.5,2.14,2,2,2,3,2,3,1,2,2,10.64
3F,5.3,1.2,1,2,2,3,2,2,1,2,1,6.5
FCSSp4,3,1,2,2,2,2,2,2,1,2,2,4
3Lz+2T,7.3,0.5,-1,2,1,1,1,1,1,0,0,7.8
CiSt3,3.3,0.93,2,2,2,2,2,1,2,1,2,4.23
3A+3T,13.86,1.57,1,3,2,2,1,2,1,2,1,15.43
3Lz+2T+2T,9.46,0.1,0,1,0,1,0,0,0,0,0,9.56
3Lo,5.61,0.4,1,1,0,1,1,0,0,1,0,6.01
CCoSp4,3.5,0.43,0,1,-1,1,2,1,1,1,1,3.93
ChSt1,2,1.4,2,2,2,2,2,1,2,2,2,3.4
3S,4.62,0,0,0,1,0,-1,0,0,0,0,4.62
FCCoSp2,2.5,0.64,1,1,1,2,2,0,1,2,1,3.14
Total,79.25,12.74,,,,,,,,,,91.99
Program components,,Factor,Judges scores (random order),,,,,,,,,Score
Skating Skills,,2,7.75,8.5,8.5,9,8,9,7.5,8.75,8.25,8.39
Transition/Linking Footwork,,2,7.5,8,8.25,8.75,7.75,8.25,7.25,8.5,7.75,8
Performance/Execution,,2,7.75,9,8.75,9,8.25,8.25,7.5,8.75,8,8.39
Choreography/Composition,,2,7.5,8.5,8.5,9,8.25,8,7.75,8.75,8.25,8.29
Interpretation,,2,7.75,9.5,8.5,9.25,8.25,8.25,7.5,8.75,8.25,8.43
Total,,,,,,,,,,,,83
Deduction,,,,,,,,,,,,1
Program total,,91.99 + 83.00 - 1.00 = 173.99,,,,,,,,,,
Elements,Base value,GOE,J1,J2,J3,J4,J5,J6,J7,Score,,
4T,10.3,1.6,1,2,1,-1,2,2,2,11.9,,
3A,8.5,2.6,3,3,2,2,3,2,3,11.1,,
3Fe,5.3,-0.42,0,-1,0,-1,1,-1,-1,4.88,,
FCSSp4,3,1,2,2,2,2,2,2,2,4,,
3Lz+2T,7.3,1.26,2,1,1,2,2,2,2,8.56,,
CiSt4,3.9,0.98,2,1,1,2,1,1,2,4.88,,
3A+3T+2T,15.29,1.8,2,2,1,1,2,2,2,17.09,,
3Lz+2T,8.03,0.7,0,1,1,1,2,1,1,8.73,,
3Lo,5.61,0.84,1,1,1,2,2,1,1,6.45,,
CCoSp3,3,0.4,0,1,1,1,1,1,0,3.4,,
ChSt1,2,0.98,2,1,1,2,1,2,1,2.98,,
1S,0.44,-0.02,0,0,0,-1,0,-1,0,0.42,,
FCCoSp4,3.5,0.7,1,2,1,2,1,1,2,4.2,,
Total,76.17,12.42,,,,,,,,88.59,,
Program components,,Factor,J1,J2,J3,J4,J5,J6,J7,Score,,
Skating Skills,,2,8.25,8,8,7.75,8.25,7.75,7.75,7.95,,
Transition/Linking Footwork/Movement,,2,8,7.5,7.5,7.5,7.5,7.25,7.5,7.5,,
Performance/Execution,,2,8.25,8,7.75,8,8.5,8.5,8,8.15,,
Choreography/Composition,,2,8.5,7.75,8,7.75,7.75,8.25,7.5,7.9,,
Interpretation,,2,8.25,7.75,8,7.75,8.25,8.5,7.75,8,,
Total,,,,,,,,,,79,,
Deduction,,,,,,,,,,0,,
Program total,,88.59 + 79.00 - 0.00 = 167.59,,,,,,,,,,
Elements,Base value,GOE,Judges scores (random order),,,,,,,,,Score
4T,10.3,1.14,2,0,1,2,1,2,1,1,0,11.44
3A,8.5,2.14,3,2,2,2,2,3,1,1,3,10.64
3F,5.3,1,2,1,2,1,1,2,1,2,0,6.3
FCSSp4,3,0.64,1,1,1,1,1,2,2,1,2,3.64
3Lz+2T,7.3,0.9,2,1,2,1,1,2,1,0,1,8.2
CiSt4,3.9,0.7,1,1,1,1,1,1,2,1,1,4.6
3A+3T,13.86,0.57,1,0,1,1,0,2,1,0,0,14.43
3Lz+2T+2T,9.46,0.1,0,1,0,0,0,1,0,0,0,9.56
3Lo,5.61,0.1,0,1,0,0,0,0,0,1,0,5.71
CCoSp4,3.5,0.43,0,1,1,0,1,1,1,1,1,3.93
ChSt1,2,0.7,1,2,0,1,1,1,2,1,0,2.7
3S,4.62,-1.7,-3,-2,-2,-3,-3,-2,-3,-2,-2,2.92
FCCoSp2,2.5,0.64,1,2,1,1,1,2,1,2,1,3.14
Total,79.85,7.36,,,,,,,,,,87.21
Program components,,Factor,Judges scores (random order),,,,,,,,,Score
Skating Skills,,2,8.25,8.25,8,8.25,7.75,8.5,8.25,7.5,7.25,8.04
Transition/Linking Footwork,,2,7.75,8.25,7.5,7.5,7.5,8.25,7.75,7.25,7,7.64
Performance/Execution,,2,8,8.5,7.75,8.5,8.5,8.25,8.5,7.5,6.75,8.14
Choreography/Composition,,2,8,8.25,7.75,8,7.75,8.5,8,7.25,6.75,7.86
Interpretation,,2,8,8.5,7.5,8.25,8.25,8.25,8,7.5,7.5,7.96
Total,,,,,,,,,,,,79.28
Deduction,,,,,,,,,,,,0
Program total,,87.21 + 79.28 - 0.00 = 166.49,,,,,,,,,,
Elements,Base value,GOE,Judges scores (random order),,,,,,,,,Score
4T,10.3,-2.57,-3,-2,-2,-2,-3,-2,-3,-3,-3,7.73
3A,8.5,2,2,2,2,2,2,3,2,1,2,10.5
3F,5.3,0.8,1,1,1,1,1,2,1,1,2,6.1
FCSSp4,3,0.86,2,2,2,1,2,2,1,1,2,3.86
3Lz+2T,7.3,0,0,1,0,0,0,0,0,0,0,7.3
CiSt1,1.8,-0.9,-3,-3,-3,-3,-3,-3,-2,-3,-3,0.9
3A+3T,13.86,1.43,1,2,2,1,1,2,1,1,2,15.29
3Lz,6.6,0.8,1,2,1,1,1,2,1,1,1,7.4
3Lo+2T,7.04,0,0,0,0,0,0,1,0,0,0,7.04
CCoSp4,3.5,0.5,1,1,1,1,1,1,1,1,0,4
ChSt1,2,1.3,2,2,2,2,1,2,1,2,2,3.3
3S,4.62,0.6,1,1,1,0,1,1,1,0,1,5.22
FCCoSp3,3,0.86,2,1,2,2,2,2,2,1,1,3.86
Total,76.82,5.68,,,,,,,,,,82.5
Program components,,Factor,Judges scores (random order),,,,,,,,,Score
Skating Skills,,2,8.25,8.25,7.75,8,7.75,8.75,8,7.75,8,8
Transition/Linking Footwork,,2,7.75,8,7.5,7.75,7.25,8.5,7.75,7.25,7.75,7.68
Performance/Execution,,2,7.75,8.25,7.75,7.75,7.25,8.25,8,7.5,7.5,7.79
Choreography/Composition,,2,8,8,7.75,8,7.5,8.75,8,7.5,7.75,7.86
Interpretation,,2,7.5,8.25,7.75,8,7.75,8.5,8,7.75,7.5,7.86
Total,,,,,,,,,,,,78.38
Deduction,,,,,,,,,,,,2
Program total,,82.50 + 78.38 - 2.00 = 158.88,,,,,,,,,,
Elements,Base value,GOE,Judges scores (random order),,,,,,,,,Score
4T,10.3,2,2,2,2,2,2,2,3,2,2,12.3
3A,8.5,1.57,2,2,1,2,1,1,2,1,2,10.07
3F,5.3,1,1,2,1,2,1,1,2,1,2,6.3
FCSSp4,3,0.71,1,2,1,2,1,1,2,2,0,3.71
3Lz,6,-0.1,0,0,-1,-1,0,-1,0,1,1,5.9
CiSt3,3.3,0.71,1,1,2,2,1,2,2,1,1,4.01
3A+3T<,12.54,-3,-3,-3,-3,-3,-3,-3,-3,-3,-3,9.54
3Lz+SEQ,5.28,-2.1,-3,-3,-3,-3,-3,-3,-3,-3,-3,3.18
3Lo,5.61,0,0,0,0,0,0,0,0,1,0,5.61
CCoSp4,3.5,0.21,0,0,0,1,1,1,0,1,0,3.71
ChSt1,2,0.9,1,1,2,2,1,1,1,2,0,2.9
2S,1.43,0,0,0,0,0,0,0,0,0,0,1.43
FCCoSp4,3.5,0.64,1,1,1,3,2,1,2,1,0,4.14
Total,70.26,2.54,,,,,,,,,,72.8
Program components,,Factor,Judges scores (random order),,,,,,,,,Score
Skating Skills,,2,8,7.75,7.75,7.75,7.5,7.5,7.5,7.5,7.5,7.61
Transition/Linking Footwork,,2,7.75,7.25,6.75,7.5,7.5,7.25,7.25,7.25,7,7.29
Performance/Execution,,2,7.75,7.25,7,7.5,7.5,7,7.5,7,6.5,7.25
Choreography/Composition,,2,7.75,7.5,7,7.75,7.75,7.5,7.25,7.5,7,7.46
Interpretation,,2,8.25,7.25,7.75,7.75,7.75,7.25,7.5,7.75,6.75,7.57
Total,,,,,,,,,,,,74.36
Deduction,,,,,,,,,,,,2
Program total,,72.80 + 74.36 - 2.00 = 145.16,,,,,,,,,,
Elements,Base value,GOE,J1,J2,J3,J4,J5,Score,,,,
4T,10.3,2,2,2,2,2,2,12.3,,,,
3A,8.5,2,2,2,2,2,2,10.5,,,,
3F,5.3,0.7,1,1,1,0,2,6,,,,
FCSSp4,3,0.5,0,1,1,2,1,3.5,,,,
1Lz+2T,1.9,-0.04,0,0,0,0,-1,1.86,,,,
CiSt3,3.3,0.6,1,0,2,2,1,3.9,,,,
3A+3T<,12.54,-0.4,0,1,-1,-1,-1,12.14,,,,
3Lz<,4.62,-0.42,0,0,0,-2,-1,4.2,,,,
3Lo+1T,6.05,-0.14,0,0,-1,0,0,5.91,,,,
CCoSp4,3.5,0.4,0,0,2,1,1,3.9,,,,
ChSt1,2,0.42,1,0,1,1,0,2.42,,,,
3S,4.62,0.42,1,0,1,1,0,5.04,,,,
FCCoSp4,3.5,0.4,0,1,1,1,1,3.9,,,,
Total,69.13,6.44,,,,,,75.57,,,,
Program components,,Factor,J1,J2,J3,J4,J5,Score,,,,
Skating Skills,,2,7.5,7.5,7.75,7.75,7.75,7.65,,,,
Transition/Linking Footwork/Movement,,2,7.25,7,7.75,7.25,7.5,7.35,,,,
Performance/Execution,,2,7.5,7.25,7.5,7.5,7.75,7.5,,,,
Choreography/Composition,,2,7.25,7.5,7.75,7.75,7.75,7.6,,,,
Interpretation,,2,7.25,7.25,8,7.5,7.5,7.5,,,,
Total,,,,,,,,75.2,,,,
Deduction,,,,,,,,0,,,,
Program total,,75.57 + 75.20 - 0.00 = 150.77,,,,,,,,,,
Elements,Base value,GOE,J1,J2,J3,J4,J5,J6,J7,J8,J9,Score
4T,10.3,-2.57,-2,-1,-3,-2,-2,-3,-3,-3,-3,7.73
3A,8.5,1.71,2,2,2,3,1,2,1,2,1,10.21
3F,5.3,1.1,2,2,2,2,2,1,1,1,1,6.4
FCSSp4,3,0.57,2,1,1,2,1,1,1,1,0,3.57
3Lz+2T,7.3,-0.6,-1,0,-1,-1,-1,-1,-1,0,-2,6.7
CiSt3,3.3,0.57,1,1,1,1,1,1,2,2,1,3.87
3A+3T,13.86,1.86,2,2,3,2,1,2,2,1,2,15.72
1Lz,0.66,-0.11,0,-1,-3,-2,-1,-2,-1,0,-1,0.55
3Lo,5.61,0.8,2,2,1,0,1,1,1,1,1,6.41
CCoSp4,3.5,0.5,1,1,1,1,0,1,1,1,1,4
ChSt1,2,0.9,1,2,1,1,1,2,2,1,1,2.9
3S+2T,6.05,0.1,1,0,0,0,0,1,0,0,0,6.15
FCCoSp3,3,0.57,2,1,1,1,1,2,1,1,1,3.57
Total,72.38,5.4,,,,,,,,,,77.78
Program components,,Factor,J1,J2,J3,J4,J5,J6,J7,J8,J9,Score
Skating Skills,,2,7,8,6.75,7.25,7.5,7.75,7.5,7.25,6.75,7.29
Transitions,,2,7.25,7.25,7,7.5,7,7.5,7,7.5,6,7.21
Performance/Execution,,2,7.25,8,7.5,6.75,7.5,7.5,7.5,7.5,6.25,7.36
Choreography,,2,7.5,8,7.75,7.25,7.25,7.5,7.75,7,6.5,7.43
Interpretation,,2,7.25,8.5,7.5,7,7.5,7.25,7.5,7.25,6.5,7.32
Total,,,,,,,,,,,,73.22
Deduction,,,,,,,,,,,,0
Program total,,77.78 + 73.22 - 0.00 = 151.00,,,,,,,,,,
Elements,Base value,GOE,Judges scores (random order),,,,,,,,,Score
4T,10.3,2,2,2,3,2,2,2,2,1,2,12.3
3A,8.5,2,2,2,3,2,2,2,1,1,3,10.5
3Fe,5.3,-0.5,0,0,0,-2,-1,-1,-1,-1,-1,4.8
CSSp4,3,0.71,2,1,2,2,2,1,1,1,1,3.71
1Lz+2T,2,0,0,-2,0,0,0,0,0,0,0,2
SlSt3,3.3,0.5,1,1,1,1,1,2,1,1,0,3.8
3A+3T,13.86,1.86,2,2,2,2,2,2,0,1,2,15.72
3Lz,6.6,-1.2,-2,-2,-1,-2,-2,-1,-2,-1,-2,5.4
3Lo,5.61,-0.4,-1,0,-1,-1,0,1,-1,0,-1,5.21
FCCoSp4,3.5,0.36,1,0,2,1,0,1,0,1,1,3.86
ChSt1,2,1.29,1,1,2,2,1,3,0,1,1,3.29
3S,4.62,0.2,-1,1,0,1,1,1,0,0,-1,4.82
CCoSp2,2.5,0.29,0,0,2,2,0,0,0,1,1,2.79
Total,71.09,7.11,,,,,,,,,,78.2
Program components,,Factor,Judges scores (random order),,,,,,,,,Score
Skating Skills,,2,7.25,8,8,7.75,7.5,7.75,7,7.25,7.75,7.61
Transition/Linking Footwork,,2,6.75,7.5,7.5,7.5,6.75,7.25,5.75,7,6.5,7.04
Performance/Execution,,2,7,7.75,7.75,7.75,7.75,8.75,6.5,7,7,7.43
Choreography/Composition,,2,7,7.5,7.75,8,7.25,7.75,6.5,7.25,6.75,7.32
Interpretation,,2,6.75,7.75,7.75,7.75,7.5,8,6.5,7,6.5,7.29
Total,,,,,,,,,,,,73.38
Deduction,,,,,,,,,,,,0
Program total,,78.20 + 73.38 - 0.00 = 151.58,,,,,,,,,,
Elements,Base value,GOE,Judges scores (random order),,,,,,,,,Score
4T,10.3,1.29,1,1,1,2,2,1,2,1,0,11.59
3A,8.5,-0.71,-1,-1,0,-1,0,-2,-1,-1,0,7.79
3Fe,5.3,-0.7,-1,-1,-1,-1,-1,-1,-1,-1,0,4.6
CSSp4,3,0.5,0,1,1,1,2,1,1,1,1,3.5
3Lz+2T,7.4,0.5,0,0,1,0,1,1,1,1,1,7.9
SlSt2,2.3,0.36,1,1,1,0,1,1,0,0,1,2.66
3A+3T,13.86,0.43,1,1,1,0,0,0,1,0,0,14.29
3Lz,6.6,-0.6,-1,-1,-1,-1,-1,-1,-1,0,0,6
1Lo,0.55,-0.09,-1,-1,0,0,-1,-1,-2,-1,-1,0.46
FCCoSp3,3,0.21,0,0,0,1,1,1,1,0,0,3.21
ChSt1,2,0.71,0,1,0,0,1,1,1,1,1,2.71
3S,4.62,0.1,0,0,0,1,0,1,0,0,0,4.72
CCoSp3,3,0.14,1,1,0,0,0,0,1,0,0,3.14
Total,70.43,2.14,,,,,,,,,,72.57
Program components,,Factor,Judges scores (random order),,,,,,,,,Score
Skating Skills,,2,6.25,6.75,7,6,6.5,6.75,7,6.75,6.5,6.64
Transition/Linking Footwork,,2,5.75,6,7,5.5,6.75,6.5,6.5,6.75,6,6.32
Performance/Execution,,2,6,6.75,7.25,6.5,6.25,7.25,6.5,7.25,6.25,6.68
Choreography/Composition,,2,6,6.5,7.25,6.25,7,7,6.75,7,6.5,6.71
Interpretation,,2,6,6.5,7.25,6.5,7.25,6.75,6.5,6.25,6.25,6.57
Total,,,,,,,,,,,,65.84
Deduction,,,,,,,,,,,,0
Program total,,72.57 + 65.84 - 0.00 = 138.41,,,,,,,,,,
